Block Number,User Address,Amount Locked
14211922,0x9d94ef33e7f8087117f85b3ff7b1d8f27e4053d5,154381.05710878264
14211922,0x445cc6c3d51eb0a63395a613a0960c7922bca0d6,70292.7767861631
14211922,0x1d65d296b6ad7fdbf77d3c9cc44c9b2787f1a341,49075.99096510848
14211922,0xfe13988736d95d052c2e45e5b4e1ef2e2750b7f4,40403.61777875921
14211922,0x2ef2e49695f00fa835fb851c0575822f5f076a13,40000.0
14211922,0x62da87ff2e2216f1858603a3db9313e178da3112,37558.87647539255
14211922,0xae5fb390e5c4fa1962e39e98dbfb0ed8055ed7a9,34304.18119647793
14211922,0x950c6ac0bd65e70036e05a15053f5d9f2dd1c25b,13488.7553
14211922,0x95bed7933b6046df3f638654e53237ce8b6e1dc3,11857.33
14211922,0x5e78c09984bd6608f8e913f0924062c043ed6ad7,10000.0
14211922,0x10a19e7ee7d7f8a52822f6817de8ea18204f2e4f,9051.0
14211922,0x978c01b69dd722754d65fe39c4308f51b912a73b,8860.33180560998
14211922,0x9f074913c4bdf3a51f18d820626d3c897fb55ccf,6845.350441516508
14211922,0xb1363975921c83f959fce3a73f0258c5adfceab9,5392.8892078
14211922,0xe3c9e09e49f75d7ec947484abf74579ea5aa0e18,4690.577575428587
14211922,0x00e286b5256aa6cf252d5a8a5a7b8c20ec3bc4d5,4051.0314791129626
14211922,0xf64c2e6679e089cd1c3e303ca1245d4941747700,4000.0
14211922,0xcd1883d83aed27a87cc7572eb8f9855a0bdd944e,3344.9999999999995
14211922,0xe91f64ca1da165ca8437686b69a022156550837b,3307.848
14211922,0x06d50814562467776af76134ad936440e6abb878,3054.566247956225
14211922,0xea8d287e23f1e005fa8bd3c9d1efae2c726db9a4,2957.292275729043
14211922,0xef764bac8a438e7e498c2e5fccf0f174c3e3f8db,2502.923002151841
14211922,0x69daa47f4773121d58e28d73d4afaa6a2ad7b9cd,2251.3451641331126
14211922,0x45602bfba960277bf917c1b2007d1f03d7bd29e4,2000.0
14211922,0x78e96be52e38b3fc3445a2ed34a6e586ffab9631,1988.9801134255465
14211922,0x6c762fae992eeb9ac51e36fb5635e01e72fd271a,1942.4050942526035
14211922,0x22fa8cc33a42320385cbd3690ed60a021891cb32,1910.6504066428179
14211922,0x5309aac198c88a7eb770244887cdf051e1155a88,1881.948846434704
14211922,0xf5c063c58670b27e6a9fa97a20dc5bbbc493dcb3,1862.366
14211922,0x84f0809d3cfb97b2c8a4a77fe82b962f90851ddb,1779.36
14211922,0x659418bbb855c18f9253acbccc20b40051fee6b2,1750.0
14211922,0x002a417eb2874c2fbcf52e5fdc4633b5df92b012,1741.9897799408518
14211922,0xf14b1a6098036cb4f3d867b0145785f98c998988,1730.8380357072194
14211922,0xcb4755ea7c0c05b6041c2a58f07bd922a37401fd,1519.4599999999998
14211922,0xd000fa10efcdc734af5e4e3433ce0e75f220549d,1507.5900000000001
14211922,0x270042a7623a90e6ebe6ae6e3263d61896b46906,1498.1725149977551
14211922,0x7c363e4650ca88e4676f1ce2ac6f2dd50c102198,1391.7390321853702
14211922,0xe58ce76deb798fd45fc4ecfb9a49f406e7ffc948,1200.0
14211922,0x571e9aefff646cdfa80da4745293dab94a7ba4a2,1000.0
14211922,0x24d19f100ba142543a863fc2294b188e35ab55b9,1000.0
14211922,0x92532bf9fef6fb291621b664598f7b0699897542,955.907876693361
14211922,0x279a7dbfae376427ffac52fcb0883147d42165ff,939.1594440010408
14211922,0xddfe74f671f6546f49a6d20909999cfe5f09ad78,902.137538334901
14211922,0x7ce490534d78f1ee54b20f7d03a99d5e3162e02b,759.6715997180509
14211922,0x30d9ebb167706d074b0a41f4c26f69467cc88036,741.9899700000001
14211922,0xeea1cba569adfb4a4d12f65f2987e8c89c05a1e5,738.328
14211922,0x34676ce24f37e1421a429481febe0bacb2bc12f7,711.0655343597173
14211922,0x6feed810a75d4eaad5400d07ce1489065ac733e7,673.203027184878
14211922,0x0d142ccdd22d4902b6f94cdb1b23693cdcb2f796,653.2272
14211922,0x3fb9be23c30f9a2b024b493654aa9c832d098383,623.056266119691
14211922,0x054cf498c73bcff0cfb94a0fcfb10356e30f71cb,608.6789255921816
14211922,0x3a11f4c84688a1264690d696d8d807a25ee02dd2,600.0
14211922,0xff52227c583efd2b77dcb1cbbd56f3e1edc7b68b,600.0
14211922,0xf2e563f6fbf25cf23dbe57d25287e10339ad3b6f,599.9996844330161
14211922,0x7ac712ec4c58ded138cc4e63e0fd59f697cc6963,544.2306245839009
14211922,0xa9781c55c4257675a72a53525f1c960d2fb41a7d,512.0
14211922,0x1a8d1c090903bd6492372b890d68aaf50c96137f,512.0
14211922,0x1c1cc870115fdf86288cf38556c4da441699a0e2,500.0
14211922,0x8da9b7eddad06d3265a3d5e95850c21c0a96f2d3,500.0
14211922,0xadf100a2fd9b746448e58bc431aed12993b2dce9,500.0
14211922,0x08d52bdd8acbf9b45ade3d3fe4758389262cdd25,500.0
14211922,0xde2509cdd45e276bad2af5e2bbb40a4afa0274f8,483.57703182056457
14211922,0x6b18d2799c804251e307b9f80c130c637674eac2,465.0
14211922,0xb03aeac789533514c7df885e0d930d5eecb400ec,465.0
14211922,0x0db90b2604f9bb2a99f731a1b174be4f888bb0f5,450.26903272847295
14211922,0x3f3b9b0f14def5817a61437ccb25ccbbd4853ffd,425.39119171182546
14211922,0x26e547a9f3fd90e49a9a85a91001ca3f7ba2c81d,400.0
14211922,0xa073bd06dc19466f5122864a80faff5d7af9123a,395.08574459461846
14211922,0xcd1979aff68edea19c7a8aadbe56d9fd1f3fbeb6,387.80902579153644
14211922,0x88a2f230c8c407e8fe10041900746a70ef28d8ee,358.43289999999996
14211922,0x84ef9d47a2b1cbfc2f011f886287ef44f08c80ab,357.22904169111007
14211922,0x038db6c62d0f072616e2b8db7d3d7cfc829f7f65,350.24652159786206
14211922,0x25431341a5800759268a6ac1d3cd91c029d7d9ca,348.0713777410025
14211922,0x822adfc4b4f055a1182e771e1a742235268bbcf0,342.80502785
14211922,0x29345d922285321e7452ece2ee2352dda2e837ae,335.8597
14211922,0x239eec9ec218f71cef5cc14d88b142ed4ff44110,333.0
14211922,0xaed55b0ebb566e4ed491f68ef0ec4e705c7a1523,300.8423787374677
14211922,0xbf15bd159ae5b410c4b7d4ae0230fb81f2f21cf1,300.00064803697614
14211922,0xc258f9ebdffec87cd89819deddf824288fdcb9d6,300.0
14211922,0xfac964684c3a72b0485e42a78eac5f78428c4af0,300.0
14211922,0x7ee300ec74f7af0304a9038381ea3dcf3aee940d,300.0
14211922,0xff26ccf9058b9bd8facfb6a8876864fec193285d,298.2058975190912
14211922,0xcfb5f1a901814bdfb6b5e808c9eb940b9e07fd12,266.71593356074715
14211922,0xfffefd6e5d65c1bb132646ec844c6a8f48190619,256.0
14211922,0x079f822b355a89e103272538ff93cbe51061186d,256.0
14211922,0x68548b4154c46e4200cbf6fe76a90ba7aff337ed,256.0
14211922,0x657289ea89d19c78ab7d825e5ffa2c5f6166fec5,256.0
14211922,0x418e763f914e5ba83ee16e1cc2dd4751ab67ecfc,256.0
14211922,0xd9a809b28074aaf1db121e6329ed64dea485e605,251.25
14211922,0x92aa8cae5c0d2987f2e31ba99c96da7008d1ee51,251.0
14211922,0x54cf0ef9998b5274e321c18679450d73afcf1a83,250.0370353059607
14211922,0xe19efaa0d37fa5e71f531fbe818c56593ab02b34,250.0
14211922,0xed9c851aadf96d4ff2fab2433bc4aa111babc15e,250.0
14211922,0xdde5b6f6bd7968221ad61c238e0b4d482837d666,241.78849999999997
14211922,0x28dd6f5a98003fc07c92d1a9e909d042963a1001,222.0
14211922,0x88f1706c20d94a4d1551c5f799c9e3380a24c3ac,202.52422453541772
14211922,0x31191280ce6e59287390e424cb75bd2211dc396b,200.521725718612
14211922,0x308686553a1eac2fe721ac8b814de638975a276e,200.0
14211922,0xf7b10d603907658f690da534e9b7dbc4dab3e2d6,200.0
14211922,0x7f9320a48f563153d2d3a877a26ea8a878e50db6,196.82461753121916
14211922,0x11ef83cc4ba994e365fd5a97af55e5c748f97e60,194.00312213609564
14211922,0x4c1216a641aa3b8e592ef960b5d3fef6139ac01c,193.00237696899998
14211922,0xd85872db2628c55591e7bfbe4349058b53facb97,185.52936341893084
14211922,0xf41f984ed5e4002c08d9da82e4c96c93304222c2,181.4721421510993
14211922,0x05e09d942505764bca4475abf8efdbc21d1c535b,174.5727400848516
14211922,0x09988e9aeb8c0b835619305abfe2ce68fea17722,173.73593331455137
14211922,0x51ffd343d6fecab9e9c5640f0e6a67dec31bc76c,173.63970390876875
14211922,0xfcba2b176dbee8d89e7114061fbeced92fe9f5db,171.059828093
14211922,0xbc641f6c6957096857358cc70df3623715a2ae45,170.96962714870241
14211922,0x8fe7b143b2c67739e9c933da0a48142b14c4415d,170.5251060126218
14211922,0x773d161310d07cafc6f767ca24f43e52163b9be6,164.50304283244287
14211922,0x9ba964a731ecafdf54e9914f99c9e754a77fc405,156.28143713545762
14211922,0x71bd14e1815dbe1968b9de90d8328a011a0380b6,150.13
14211922,0x36d960741d2ea0bfccfa23838828af528e38cd9a,148.16262374926245
14211922,0xf6262371dc53b2d8f96bfdf807a4b6e375aa69f2,147.93779493800002
14211922,0xde7296fd03293adfa4d3f5fb7c0292713f6aaa0e,145.7403419
14211922,0xdeb08d04004ea00bb6898d19267f7d3399e2827d,145.0644583922921
14211922,0xa2f696958a5e023014620687f1d34755c707e5d1,144.22015215302946
14211922,0x1d69ddb528f05cda072db0d1f688e47ac81ea9f6,143.14284030777995
14211922,0xcf8fc248fe5fb0fa34451e5f13695c27d0a06f41,140.21808079034372
14211922,0xc3598d91844b061195136600ad243b077cc164e2,137.01458376134755
14211922,0xafcea9e0b397c671179973883e6fe0d9e77b12ed,133.69720331
14211922,0xc384ac6ee27c39e2f278c220bdfa5baed626d9d3,125.0
14211922,0x727334d71c7a70f8b611cb32da399048b4d27293,124.3739
14211922,0xbb268b5778bf54ab715ee3c79d1da065574b38b1,117.41881
14211922,0x5fb6e7e6cd299449a02fe47cccd5cb70ff9dc632,110.52749706362052
14211922,0xe1bb99fa82a4eae7263eadcab5be266d187df6be,110.0
14211922,0xa8ac0cabb75a3842fb8cbbe18359f71711cf95b7,108.01639533203374
14211922,0x02352e6dcf0c77577222adee8c63d52243b5c33f,100.995
14211922,0x77bf058e46c543556ab863ab28f9fcbe4b46264d,100.53044
14211922,0x4530f1232a8dccf18453446f6fbcb86ade5e5eff,100.12172321999999
14211922,0xd87b52a2545064aa2fd7dc8ab7831e1e8d7f0bf6,100.00002352235484
14211922,0xc2634b9d0a0cfb756cded34656e09828072a8a9b,100.0
14211922,0x80c449367944b138a6b4a9bf22f78953f71d467a,100.0
14211922,0xf36700ff798394c4a58fe861a4661f5489d90735,99.94
14211922,0x6c6fb98c30906aa5c05f8ec322cbeb7243f0a4c6,96.8887
14211922,0x4ef2ab73ef2214ebeba6f087a8dcf89731504301,90.22497115406313
14211922,0x19142e3df9e34966c876024dfb9d805f4ea4a131,89.51437316108697
14211922,0x64df7af696e0977771a0e1e1b1a8dd22ded3cf4b,85.559342716011
14211922,0x61f72fe1e4ff809a2eca0b191c608599a192e1a1,84.1399687056153
14211922,0xf597691d349968e389a24e9f8594d164f99d7787,82.08718750851162
14211922,0xeac03ab059b522886a6f273bd96b26bd86a0b4a2,81.82252515325219
14211922,0xc7da86dd7b5fef769e549bf71f7b6fb4b9af76b7,80.0
14211922,0x4026b3da349c2952255ca9db4f055ea57f4e037c,79.54944261663029
14211922,0xcf87c7dfb05e943ba38f41f1f8a839015a1e26ef,78.6502
14211922,0x73a8360e2d46abcadb6139f7ba1002c767f72789,77.784
14211922,0x683a42e5b414ae5cf79ece7e369ca5937fdcdc11,75.0
14211922,0xe2a82cdccbfa6ebf9817b0c4aed45264bd41fbec,73.93027817291281
14211922,0x81168c14e5a89f60b30e9a7f82a229406a64369d,70.43433899384044
14211922,0xaf7daee76e04e01219714ca771ed31aad4c1e5ef,70.37318327784773
14211922,0x9dec5daccb0d3ba37d3d9ede29f095cf83362dd0,69.75123500000001
14211922,0xbdfa4f4492dd7b7cf211209c4791af8d52bf5c50,66.499
14211922,0xf9b6a8b66f91e239a66f4c396af9574f874d080a,66.0
14211922,0x0d4a841839d7fdef03a17076cafc66dca3e92b0a,65.66642893671198
14211922,0x0154d25120ed20a516fe43991702e7463c5a6f6e,65.01222403708826
14211922,0x591326490ad6dadb80116b04ddd521e57ba22e2c,64.2520932320298
14211922,0xca2cba2ad13eb32990b13b89d1a2b9bb103b0464,64.0
14211922,0x3b067af83f540cb827825a6ee5480441a4237e77,64.0
14211922,0x5274714f4c06f56c0dd5ba46280b7dabe2b1340a,63.842931942462016
14211922,0x415fce36e2dc12421f20b93dbad1dd68bd2f6db6,63.84230769
14211922,0x48b72465fed54964a9a0bb2fb95dbc89571604ec,63.83492706829708
14211922,0x3d7ae4a4dd7cfd5184bbc2570a05651b180b1609,63.59598722799266
14211922,0xefe375bf2c594155d2924015acb9a121431a91e1,63.150690787703205
14211922,0x04e2aecb5bc2a4eebc303afbb6a0ec8cc708648c,62.2896905
14211922,0x3f0ed57b0141c83fa6fb056ec8325df34f8ea6ea,61.363173623172095
14211922,0x4b50ca44afc1e27f129b3060467a0284d80b618b,61.0
14211922,0xbb49444efe86b167d1cc35c79a9eb39110dbd5e3,60.81795
14211922,0xf627e5f4bad95a956468d8bb6ee20b119f992e96,60.123681192454654
14211922,0x74abbac922c73d95917badd2ee04862db29298d6,60.0
14211922,0xebf82644b69b2156edab189bae6e8f691350a5e6,59.25694565503309
14211922,0x32a59b87352e980dd6ab1baf462696d28e63525d,55.9047243795933
14211922,0x548b363f28234fe88a72d628c5350e37640429bc,55.8864
14211922,0xa5e8eb3fe57369bcda21c376b18d07a236d54ffd,54.986404259954696
14211922,0xf7838c101dd142abff1b612bd4da21b21e43721f,51.49769366042651
14211922,0xb8adfee40e1defbb8314d3fec3c622be2f624901,50.664909950505916
14211922,0xbc5ec594509ed050f4a53eee85d92af6d2529b56,50.0
14211922,0xf2b8c142edcf2f3cc22665cce863a7c9a3e9f156,50.0
14211922,0xa4aad96bdf6396ddbe55ad3b376bb6f27e431203,50.0
14211922,0x98f365b8215189f547e0f77d84af1a2cb0820c72,50.0
14211922,0x33bc178904662162c3576ba9ca8ae1fe04e178f8,50.0
14211922,0x3d37cfa2e89a04b3704bd64bc2c9ab9dcd448b9a,49.89
14211922,0xaa13905714dc09e1c51926869ddf2f3f2f1f3133,47.24034063672484
14211922,0x8f9be4310f9abb0e5843cc6363908c9b01dfeb3f,46.661
14211922,0xc149701eb565de8f94b9b7ef35e7017029cf1cb7,46.397080009999996
14211922,0xace57810549be61779f58a8b66d8725bf8aaff68,46.182264546315906
14211922,0x365a0a0492c5589ec4f04a9323f483d0de6e1df7,45.90151251203377
14211922,0x977bcc40cd619cd57c22767d76d129e3049da6df,45.50560882618896
14211922,0x49d56a0ae3608b683755cd54e2020134319213e5,45.3924037407443
14211922,0xec80b5494e873fd9a7c7bf2368d743b38eb0b9ea,45.03847339180824
14211922,0x305ea6f95e1d3f2d1152bc3f6b7c412504da09ac,45.000447146300374
14211922,0x59693ebba325f592d858c30998d7c68ee29a4cb1,45.0
14211922,0x22bb259f12af6f514a6e1bb2d275425458121c7e,44.10005
14211922,0x5e9b423c21236ee2e0c3f36c014aa0f3fc64fcd1,42.74781552890407
14211922,0xb5ad8b5787c71f08b3048da91aed6f35809cf313,42.73273792928502
14211922,0x891c5fe26553a3c78cc29c9f4cbecf4c4a5b7228,42.47593653541021
14211922,0x25125e438b7ae0f9ae8511d83abb0f4574217c7a,42.37939209763316
14211922,0xcb141ec01f35ab8a9394a4a9422ce65d73a89a26,41.63468439050566
14211922,0xbe09d4cd0025a5217626852b21576590e3a62d23,41.43770261045921
14211922,0x7b1119ebff23c92a3b3e772698164dfbc9d8541e,40.733962881296826
14211922,0xbbd9d188441352896a3cdd52a019ecb3053de3c1,39.4561
14211922,0x7d54d807e9132fc34acde66de49b36d4f37e8e0c,38.36919639348056
14211922,0xe34e2df841e5a6352b0ae8bd5a797544f11d7e89,36.87695491779111
14211922,0x4e2d315f003bf04034b25d7dd8ab696b4656b5bb,36.8421862254574
14211922,0xcbfc78d7e26c2ff131867ed74fa65572dad6fc90,36.35433528769899
14211922,0xa0206ac75aa347327f8ca82440279bd6a0fdef27,36.183230371173096
14211922,0x95e17e827df0b113d11d48ee1771ff134f770da9,35.66705985380135
14211922,0xc50193888fd7bd24de6e5a9eb1fb05b519a8d3f5,35.36905110527169
14211922,0x738671901affbc417fa370cf936e461bb5315bd0,34.53000781288604
14211922,0x5b71ab89a74eb8515585bf100a69bcf12f9eaa3b,34.18004102641268
14211922,0x6367a367ee11ea09fb711f0e5ddf649c37863371,34.0
14211922,0x8bd9a82618687c47647184f70d1669082306d5ff,33.978306792372784
14211922,0x53c601621a9bdf0b98adf8b1f7d41ae63bd46c07,33.78377
14211922,0x0a573bc3489d3dc339643ce50767c19eeb3fed70,33.16875223481155
14211922,0xc41dddd3fd3788e1021868434f0e9940af52a893,32.82903939123483
14211922,0x7b3431db5a984c7a7a710175f6119a385070e9ec,32.73184904574469
14211922,0x449816d520c89c87b320e94a0bfdca9ed66e156f,32.647
14211922,0x6199f3e456781a05564495d2637d91fa550cc258,32.3939629270533
14211922,0xedad9aaff8932605729c0331eb3b84adcc9435b8,32.16371
14211922,0xe2fbc567dedcfbf69018213a700f96a407cfab14,32.0
14211922,0x41b3489940dea9dd1ef90f0d7aec7c8d3b512062,31.99891652215724
14211922,0x1466e94cc3dcc19760bd880b77f3da194a83a5da,31.97767975
14211922,0x193f0ee42a199a0cecd479a9f09ba293eb1ca357,31.936406355616413
14211922,0xb2139bc97c2dc43f8825d033d08ecb9e2c8be00f,31.84979309187947
14211922,0xd9cfab54f1234aeea22b2818ab919866a2809c1c,30.828029713919037
14211922,0x8811f45eb3dff252dfa0e265e77ecdd5ad7d0f10,30.181639540769652
14211922,0x8f688a91695f7d2a1e93e57cedcbf5c5202f617b,30.0
14211922,0x1e9c0bb00ff504e2c4ed9368656e876616e25666,30.0
14211922,0xe7c8712fc60b20693046c71e5012801eaafc7217,30.0
14211922,0x19f5572ec81f6a952c235f42301ca15e6475efd4,29.698690899802113
14211922,0xf972bf8592c3171b378e97bb869a980c3f476583,29.607971212411098
14211922,0xd0988045f54baf8466a2ea9f097b22eeca8f7a00,29.567
14211922,0x9a97dbc9baa91707b5bde45c810536c17b8ceb15,29.541821772620423
14211922,0x2ee8670d2b936985d5fb1ee968810c155d3bb9ca,28.68333486753009
14211922,0xf067a77ed156f328982f0b927e0e9659bd4c144a,28.524983407198725
14211922,0xdb4d88080ed478c729b07e23f8e0ccd1f57d3f9b,28.37020843855043
14211922,0xd1b067580ad619b32cc06309012b6b46d506ed6e,28.17072982809436
14211922,0x768d91a758355f42d11faa7539264bc11b4a1207,28.0
14211922,0xe2bbc8c2ef9636f0b1343c7568bd2cc8a417e707,26.915313939273883
14211922,0xb9744ea3d36b2ee72ef11aee390b7dd8c245891f,26.5854814053218
14211922,0xd7dc95f0a625ef25e0bcc7dc877f36ccc52943e2,25.715978936212366
14211922,0x231b405c333db6d81adeaadf4c6ff3940ea5db21,25.589832494090707
14211922,0x9f65b5aea6536274fd4960780557cbea50d25aa0,25.50003779376872
14211922,0x9399979f3802cd1249c562b8b52e41a801228388,25.30941329898384
14211922,0x27c27151f9bc6330b767bab8dcada11a253ccb8c,25.177122
14211922,0xddfd5a7b84af8abf7acf6d3938ebffdc8f2e7ecc,24.94
14211922,0xc8e2806a97413b5496a1ba6050b517cc98d0efca,24.911
14211922,0x9cf84e80bfac19bc7f892359db746c1f3c8be955,23.281351611226672
14211922,0xa005f646b9dc13e1f49b5f53c1c4552fd312f4fd,23.217878375848027
14211922,0x6f488d5bc7d4a0d8da169efdd8a351daa1f085c5,22.95256624469209
14211922,0x7bda037dfdf9cd9ad261d27f489924aebbce71ac,22.862266194277492
14211922,0x1625ae476db935acad8393b0cbf741188340f0d0,22.84826
14211922,0x8d72a9bebbd5160fbd61e57bcca7810b9f2d1d86,22.751575456673635
14211922,0x5fdb500ba1d9b6be0c164ce609277cd968c5d45e,22.63208553498845
14211922,0x584313319d0bfead2a9d98a7154f5dcb5a62887f,22.167216879713763
14211922,0x7ef57cdfa4481b5b3f98dd5827e80b87f76d878b,21.682432528074358
14211922,0x9fc27fb296edf4b8b6aa3ce42e9ba24bfa4c8d3e,21.60316658440467
14211922,0x6c1e0c4221ec9d36cf80cd2b9b6b9b2823e4cb69,21.403062508138298
14211922,0x46e9d23e8e5cdb3bd566760db5795045d14283f6,21.05350800686445
14211922,0x3004e7d0ba11bcd506349f1062ea57f7037f0bbd,21.045399773735312
14211922,0x35fe9f54f63c6765b16292ba9a17d6808ff6eb6c,21.00284382501166
14211922,0xf13b15bded269c9a6b6ea62a0ac61387113e1990,20.967616604906446
14211922,0xca49ecb168c4be0c2ebf744cedf6c9f1d84ba854,20.692325373352155
14211922,0xe090888a66e618a8f10cf1c6db7a74b1a4823cb4,20.5
14211922,0x33d66941465ac776c38096cb1bc496c673ae7390,20.417537908285677
14211922,0xc781b829aff316334fd732a8822ca27677872a31,20.402591546223064
14211922,0x432dcbda06e8b296ca29705572d7cb6315ed8bed,20.345903465073807
14211922,0x04a169be0e157973db165462b19233cae4532fb3,20.306735110341766
14211922,0xdbec81b4eab0b5234dbd9ff7c456bf750d7a9086,20.03073431160152
14211922,0xb8c7d022cd06f5e77e568336fa3cc3b06433299f,20.0
14211922,0xe7e21d548e8938209aa710ebd468dc02a9573fb3,20.0
14211922,0x9c3e1508a6aa880741928a441dd13582e94696a0,19.542960717258563
14211922,0xcc202930867769a83b61cf5053b65d1845e76aea,19.45317275041662
14211922,0x880e14298dd46418806f7b5e12b92aa9873bb5d4,19.0
14211922,0x4fdec6a133c873e5fba5f101f7426be1488bf571,18.981379416638628
14211922,0xe92d2a4255bc7e468d355644d24ec5d9ac6ef13d,18.299793513545282
14211922,0x252166a8924a1e20b0593d8ddf925f8b5092c9e5,18.023368794498946
14211922,0x139776871ee95f55d20b10d9ba5a0385451066cd,17.82142847718164
14211922,0x1ace514d1904b274740bbfa4ba7c336e69888e47,17.63076
14211922,0x292973dc18d5e85e9a4e4185052cdfc73ce6086b,17.552403781625422
14211922,0xf2327b04521589f505c7074c163805843a4bd6cd,17.355465535643525
14211922,0xe4f80b148e9d4f2c47ff5d25c6f4a5b0c44b10d5,16.791605891370953
14211922,0x1d829bdbd534a70fdf27e959e790ef1d64e10ef8,16.60410463905087
14211922,0x4b19811588dd963ec4ffc8a57876873c684ea8c7,16.47328603165873
14211922,0xc1efc49285eb5deda2ac887d613242475ed15048,16.285532484533405
14211922,0xa34291ec7bb3e07d3a55f2321ff6102f4174133c,16.26284939880456
14211922,0x5811e1f688321481127fc6712cce32ab208f3fe2,16.13997
14211922,0x009ec7d76febecabd5c73cb13f6d0fb83e45d450,15.545429537764633
14211922,0x80d762e5a4dc2bc237f594a7f696b5e216067036,15.172395792017927
14211922,0x0aafc110be60d816df9b87cc7bcf9ae7e34b2254,15.15861107148368
14211922,0x2a94d3bf4c6eba2a00c6b2726ae0edb7d8f25b3c,15.11778
14211922,0x5c4d8cee7de74e31ce69e76276d862180545c307,15.0
14211922,0xccf3a2fb95f9ba35043b3a60390e401ebc5bcb2e,15.0
14211922,0x75750d0bba74ecb961fa588873a0ef69c54361c1,15.0
14211922,0x33c4296e5cf9e8dde73911aeede936489798cdce,14.951452992363894
14211922,0xb0112dfeecbc590de58264780a02d98efdfe6f59,14.873401355247308
14211922,0x79954763edd1b71df832244a7c33b7ba9f00c9b8,14.576132441917377
14211922,0xd153c8d0f49403b533648c61a3b3b1c6b557f35c,14.529
14211922,0x05a1ff0a32bc24265bcb39499d0c5d9a6cb2011c,14.528417598901664
14211922,0x17fb4db24b8f1817bc33d6e167b105fd77599c28,14.494757509801456
14211922,0xd4e8ad52e6027ec0c6812dd175f1ecf196fb61ac,14.37482
14211922,0x186e20ae3530520c9f3e6c46f2f5d1062b784761,14.21539216662118
14211922,0x32ae635f5136adb181a442cc890be39263bc13c8,14.16583955943153
14211922,0x36c08d83428dbb17b9d1c4fe55190b89a562f37b,14.086833690012178
14211922,0xb93119fbc995c7b438b1944ba128f398b8c8117c,13.952278731354198
14211922,0xe2e1087d2b777a10a3d6f20385b10e133175ebf9,13.75912547931511
14211922,0x22e5f823c5b9548fa524420814d81597ec47de04,13.302098987730165
14211922,0x614037458a228a5f7556be1f2dae83baade13217,13.242954713058996
14211922,0xbbf3e43681886f30835eb3ce8ec210b8ff16e85d,13.0
14211922,0xcaf317cddf594659020ee8b85adb657c7ddc90f3,13.0
14211922,0x603c9545c03339b6f1bf8ed36d8b4dac71424b0e,13.0
14211922,0xe05875f287c028901798ac2dc8c22ba908b8ef36,12.861798
14211922,0x9be85fabd144bca1acdf2b5e074cfbfbeb2855a3,12.815727525384528
14211922,0x0cc79d5b54fa6b1589f1e4e780b60c6b7972ff0f,12.627786527972878
14211922,0xa4cbe661ac2305960d6495572d3e10c87d2a2c92,12.492156490604891
14211922,0xc4a639cba07bfbf4c0a2eef7fb441895af7bc807,12.4401988050139
14211922,0x97a554cb95edec7037292deaa883864cb35bc668,12.387951517422996
14211922,0xe6d2c5648990ddd4b3d1efb712f3b832194ebd7f,12.263526646508677
14211922,0xfa125816b3884da3c8886160849499e1f3cfd1a5,12.045277974650242
14211922,0xd3b2a586180c9e306b38848d31e82f9e17d76f0c,12.02245129209652
14211922,0xc3e3e913d837f47db17e2105debf60e767e009a7,12.0
14211922,0xf56d16f0e9539a4c14818fb3c8ace0a4154c7746,11.98833
14211922,0x31354228caa2851c52d995c8995126b9309943ad,11.80286536200941
14211922,0xaa942b60823be690a17576207b819807891d71f6,11.733945
14211922,0x849646e3bcfb0ff9984812b4ac558dddccfa3247,11.628408635003733
14211922,0x358344999ba6fd789e7f859469fb3b06035c6e8a,11.498428324024303
14211922,0x121ac669e4c99ef4673b22d57431b3a521292f2c,11.448800699072365
14211922,0xbc5fba1fef0ba69e401cdf97197d75a5f9d9d4c6,11.324383973414996
14211922,0xd790d1711a9dcb3970f47fd775f2f9a2f0bcc348,11.322682931943563
14211922,0x246149caf4243ff4c2592615053d29121ef151d0,11.2382
14211922,0x7129bed9a5264f0cf279110ece27add9b6662bd5,11.04
14211922,0xee4db7c0c2648cd9171d4217a1ae036d0cae0e75,11.035
14211922,0xef6fe9c9b351824c96e5c7a478c1e52badcbaee0,11.000024331017682
14211922,0xd27d90b337717fd91c4d409f712b890d4ee2fdd6,11.0
14211922,0x155ccf41305f5fe3faae64ecea8a1e2cad08f085,11.0
14211922,0x06a035b1321dfecdeddb940686860e05ba268dcd,10.853305792174215
14211922,0x7132b5edc9ee267c58d3562d3e621384b18da7f3,10.775
14211922,0x76577d204a5bd63b6d006222429c4d5124f4619c,10.539976630045956
14211922,0x7c20b174f7275a59be485a11652f0990866764a8,10.405939676834086
14211922,0xbd076e704ec292d396ce663b085eb2809d397a37,10.328214975356552
14211922,0x7868b70c16bdb0eaca542864b596746752f39fc5,10.151
14211922,0x05310c5594a3c961f212308317ff3a4fdd8f82af,10.089
14211922,0x27bba99469653f80efd8e3d23ba224d8db1e0851,10.049998810493818
14211922,0xf955151cdb077ae78694a300e0cbb2f4cfb98bc8,10.042462757742708
14211922,0x7c3841d0471cd40a234243235a628646a685bf3e,10.0222392
14211922,0xf9107317b0ff77ed5b7adea15e50514a3564002b,10.009238144814837
14211922,0xcb9120133f6a19224059b9ed11d141b11d6439a9,10.0
14211922,0x021c1a1ce318e7b4545f6280b248062592b71706,10.0
14211922,0x6dd6e20a0969782468718d5d8f35defd3d2f1db3,10.0
14211922,0xb74465cefd9cac12a5e96a9736f131b02ab531d0,10.0
14211922,0xfbf784c8178df8857fde1b4b1e14870fd345f693,10.0
14211922,0x1df428833f2c9fb1ef098754e5d710432450d706,10.0
14211922,0xf7c723473ce30a8dcc20d195c705473b1746ca97,9.932
14211922,0x17307be3589a680452543dde06d42a07ee3fa080,9.893
14211922,0xc34efe5150dc9cbd89ce3be1fbd2fb12ffc7af39,9.814954634248467
14211922,0x133b86a4eb1545daddb98d4d7cecfae96fc56516,9.8
14211922,0xa8af6321480d415726573a8048c5f20897df21a7,9.798921870000001
14211922,0x4929f4d38f2955649b5aa34343da04cf790b9d92,9.718810027088203
14211922,0x89768ca7e116d7971519af950dbbdf6e80b9ded1,9.665909784374147
14211922,0xa22eaf1c82bb1a639ee931288f51a5ed6914b3ff,9.649
14211922,0xe0c2b5e8d62d0afa5b86dd7020c2f0c51b567b30,9.584164171505108
14211922,0x17451598bf282da2367e3fd1823f871f4b42b9f9,9.137635520048462
14211922,0x7074a77130050dd99cda301a57f07a50975c2179,9.130851327749742
14211922,0x3739c8293ab99254b873fbec1b1a8152e866d066,9.102071578394474
14211922,0x32163ba2015326d49a1c3ba2ff75250873e711c0,9.09571954
14211922,0xf78cd306b23031de9e739a5bcde61764e82ad5ef,9.0
14211922,0x3c26d015a318e93a2d100d774e9f48eed90e7ead,8.968013240196028
14211922,0xde30040413b26d7aa2b6fc4761d80eb35dcf97ad,8.766890096768826
14211922,0xb9c7895c8e1af78cd994d15f5128e6bf5f85463f,8.764155117707704
14211922,0xf4613132baca9aabe16a04ed388e9efcf3972475,8.753421209629494
14211922,0x519ebedcb61498e2ebabe8d8b9ff8b168fa5fb3b,8.750664498168756
14211922,0x4391d8fb658405bcc381967e98a2e0593271820e,8.75
14211922,0x5af5ce62295c99fc3e676d8eba299a906429566a,8.712139930269016
14211922,0xc71d1c4a95784b2d203c3b885b216d3232d719c1,8.638676423280323
14211922,0x74b4b8c7cb9a594a6440965f982def10bb9570b9,8.547531532137727
14211922,0x70e09792e94b04cdb76abf7aa24781dcb4d37e2e,8.5
14211922,0x6d90550736cb00027c38e5e09297993973f34849,8.485260391586582
14211922,0x4a7dc0a1f68ecffd1588df798d95c95c8aa7efd9,8.438140506142194
14211922,0x317112017fb54ec6f4dab35e09896687b029066b,8.378107209999632
14211922,0x328375e18e7db8f1ca9d9ba8bf3e9c94ee34136a,8.353180650737162
14211922,0x6677ca74a6e6631db693a37e690306451fc381db,8.325036558500658
14211922,0x7b76adf47b09f09e1107a1235e513724168d95f0,8.318931431486924
14211922,0x147c6bd2ead3e21ac4433d058ff998713e205772,8.270878014468718
14211922,0xb50685c25485ca8c520f5286bbbf1d3f216d6989,8.25757953486522
14211922,0x63c0ac6f404542e0b85036da3bbe2d38250dcdf7,8.250067535627535
14211922,0x86bf97a8356690456f4040dd0172aa3d4d5315e2,8.189349372064303
14211922,0x54b45b82dd69854c39bc4346197f4a7ddcd183c4,8.117477845077461
14211922,0x4b0dad867e15eedb6fc6fdf8be3d6b56163cb9f4,8.0
14211922,0xdb541f100086ba51be7519b47c0ba0ce365bd983,8.0
14211922,0xdb0b39341290a30510e46e7692195fe16097e0df,7.59067531
14211922,0x6d0bbe84eba47434a0004fc65797b87ef1c913b7,7.580590572805
14211922,0xf3db5dbb73694583d6d42fb050de15b818e4e428,7.5
14211922,0xe8dc757a6a164690556cff1851e536e06ee93346,7.439586347356547
14211922,0x4b69511c0b077200771f73f3c7cd4ecd60c77707,7.417
14211922,0x0e43b915d2d03162a36dd72031dd25ac575912d6,7.400909
14211922,0xab12253171a0d73df64b115cd43fe0a32feb9daa,7.379185065397325
14211922,0xc62b361fdc14210da59b9f5c3ba7faa7d61893a4,7.232204655685848
14211922,0xf70acf5136e01182d480de48b97608d134be0c8c,7.1423770250799015
14211922,0xc6c77b16a85c3946e0bdfc71fdb7efd3d89359d0,6.972580399450921
14211922,0x05f0ba0f63b401bc9b86089265cee2f79c955768,6.968811077200178
14211922,0xbd1f7d88c76a86c60d41bddd4819fae404e7151e,6.879256041126326
14211922,0xb92f6e68bc67c2645b990438facc7645ad23896a,6.77578534223893
14211922,0x6f3f44440680cad37c8ef621f1800664febc44e8,6.7585086120589555
14211922,0xf5b4635f3858a2bc80a17bd4450e05a35ad99a72,6.686124917369795
14211922,0xc01d5c4c8f1deb6b5ed5ee63cd6e37f581baabae,6.683288584282584
14211922,0xecbbc62189b18902e9abe7236edfa7964f7e3381,6.5
14211922,0x44e24b004bcf1124fbf2719a650dd8f2a3341d2c,6.5
14211922,0xc55047ea36063718aa9e4d298c327b3905a663fe,6.48490564390799
14211922,0xa4f6638cde88f245b75670b510fd8e46fafd1678,6.453192631004843
14211922,0x0cf776d57e0223f47ed3a101927bb78d41ad8a13,6.423717869465159
14211922,0x79bf225fbfd40f78b1878a6d1eec1bb03df92aeb,6.3872732836379615
14211922,0x107c17e07b81bc591542a5405b9c1fdf5211cde1,6.380720732685135
14211922,0x78b3367b0f547cd16bac453f788956afce92447b,6.290727835143374
14211922,0xcb11673592cc6c4b9584f33bbba6c6cf07dde3f7,6.13
14211922,0x128e5625e15fdba91d6ccb1abdfdc62b5d152b4f,6.023685094754301
14211922,0xee7df7cd74e0c643710a1db9deeeb89b527f2f4a,6.0008900965397585
14211922,0xa983bc05d29058bbec302de2de65eb4276f40ecb,6.0
14211922,0x9327775e225a703125167eb423d246915bdc37e7,6.0
14211922,0x151a64570e4997739458455ba4ab5a535fd2e306,5.99165991258416
14211922,0x3b2c572e43b31c6718a577835a906d7fca97fe76,5.922750092368253
14211922,0xd8d462958fe3194cabb95d502f1ad7ddcf7e0558,5.746332
14211922,0xd157d6f9f904879d44d59bda39503da7e6bfa20a,5.716742011630349
14211922,0x198a123599e65140bfefa096648d968a67c3b807,5.690895
14211922,0xa89f778740c6562daac0fa1e09f48e0283a39611,5.6220084550845675
14211922,0x253e94f24084612005bea067f3bb4d8a1d89953b,5.554336728004335
14211922,0xb3582e461c652df73d393fdc2eb1e4c835b1ce55,5.403729921578468
14211922,0x98d91ac3f160e1c60a79430c8a8fe532c2bb1794,5.402485620964402
14211922,0xca4ad39f872e89ef23eabd5716363fc22513e147,5.352305610265846
14211922,0x6e56e7ff87b9d28bfa3eb58aff1c4ecc0955b25e,5.27730312560255
14211922,0xcfe304e05f6d7eaae0f6184839e0145a45c23392,5.2284898356568545
14211922,0xfca5bdce638fb8b80438bdb41f5cedcaa8893bc7,5.207408513473562
14211922,0x93f3f612a525a59523e91cc5552f718df9fc0746,5.200445576106661
14211922,0xe5fcc21baab8cce9bc8239c3152d3b4235d03c11,5.160613351065061
14211922,0x998487fa22bed98c04991fa9f382078455e11416,5.1594273156511745
14211922,0xa198e245bf6929c1a1899e36bf957417143d4f7f,5.092019015571011
14211922,0xa2bf60058c0657c45fdd1741220b4a7f0da91ca3,5.044252091777587
14211922,0x48e9760e7f684e0c70b2b880181c124b9cd4864f,5.035700456679007
14211922,0x4c5472116fe8fdc491428899aa7f3b2d8e631896,5.000000334514458
14211922,0xb247a77d45b9afd9e1d125891fbe932ed4132e55,5.0
14211922,0xf0772eb66bdb39a953273ab1f8a5a086db247d3a,5.0
14211922,0xd30f2888e7928b52ea5bf4cb1d323e0531afe272,5.0
14211922,0x09a5943a6d10919571ee2c9f63380aea747eca97,5.0
14211922,0x887c3599c4826f7b3cde82003b894430f27d5b92,5.0
14211922,0x34caa93e617f2e22c15476a6369d15f4334803f5,5.0
14211922,0x5877af7fc64e26c695806e2fd7e083c8511e61f1,5.0
14211922,0x3faca60011c2a73d6403f019ef25d6bcaf44dc35,5.0
14211922,0x56e2d35d28d44f4a438f6b53cd4cb8d3e596f1bc,5.0
14211922,0x4e61548d94c8649ebfc2f5f54d2272fcbc687bf2,5.0
14211922,0x3dc118a44e4bde24d2d62d8ead994c0acc97093f,4.98428491419944
14211922,0x9cdbddf646a86ec987394c807defed498dbc7df4,4.954686940550448
14211922,0xe9d74e301555c60983074264ca62bfd7c6efc6f9,4.94
14211922,0xe7e7f922cfc016b96658b4a5dd26f59231f3c93e,4.93999
14211922,0x29687e2a2b38bbc1f4f9069f1f24f13a3c83d27d,4.894390605
14211922,0x5bf66e7b96ac308dbae5ddc85c0cfd253996c0db,4.864276256749849
14211922,0xdcdd0a0cccc577777aceef2987f0b45b52b2dbf0,4.838329334903378
14211922,0x47d6f96ba098816389db7c87cbf077de7181b853,4.726772906256767
14211922,0xbfe70e7279a9c8d8cf6c9dc41bec72e14d8ad04e,4.691528959015521
14211922,0xc2e5329356eb06d97406260aea056891f8477c0a,4.655977
14211922,0x4ac66a0e166204321ae4c9a99d7e81d66c01009b,4.645293
14211922,0x2a0626380bf336cd9493bfed74966d53b6b9101e,4.566109299528967
14211922,0xfe476715394f7fe7a1add0bc5b45c9d6de40d5d4,4.5660013712395076
14211922,0xa0dcb6f8203a9a8e3f60a0fef72311f210b5f324,4.510908555579961
14211922,0xb8eae9f9127db4af769ec47d6339fea82789daf4,4.5
14211922,0x52dc01082fc06a78ef3910c101b7823df3277355,4.488872297260413
14211922,0x5429376b877772e54c9e13f7ebbad7f243a185b1,4.461996131851412
14211922,0x9ebd5d49426ecce20ba1714c760f8140a88dbfa4,4.419492
14211922,0xe26edca05417a65819295c49fc67272ab247d791,4.405299461416517
14211922,0xc6d85d3b70d30fe072a6351ac8b83e1cfc3fa99a,4.35561759864514
14211922,0x60c480856a3cc555b51a78be505c59faee5eac68,4.238
14211922,0xdee31192d86a21422243d7c59c533aefaddf61c3,4.226170341079645
14211922,0x64ff0cc278739de234eff0574c62496534e9f538,4.207668406346115
14211922,0x1160fb1b4c936170b5f2163e03c263b5b235cbc0,4.202569537703506
14211922,0x193641ea463c3b9244cf9f00b77ee5220d4154e9,4.120848613612834
14211922,0xf116569b3f888d639372a5485685a6d8ee28a593,4.012810671607004
14211922,0xa319266b88444a71f9dd3618d7c7d6e525ae9766,4.0077779152523245
14211922,0xb43db671f601adfc83284e33ccd788e3832f161a,4.001942
14211922,0xf5375b04d32b553a8813de3ce76ea625803c60f7,4.0
14211922,0x4812505f744b14813d27d641c8af4d74f13c92bf,4.0
14211922,0x00000081c22fe36e0b47a4f1c67041301f945014,3.996762369836614
14211922,0x236884bb674067c96fcbcc5dff728141e05be99d,3.857509921298998
14211922,0xf286e07ed6889658a3285c05c4f736963cf41456,3.8467548107285974
14211922,0x49fe1f832ea70c207b6e555e160dc2df51c00107,3.8105845277434556
14211922,0x9497243478392b1f7f508874f606379f989c6eea,3.803987788868467
14211922,0x05ac3d28434804ec02ed9472490fc42d7e9e646d,3.803985632160516
14211922,0xab4677418e7b80dc0dc09928f05111f25966742c,3.79136979687793
14211922,0xe1d1c5f48f708aa038aa6a9976308cd1d19d951a,3.775404173171594
14211922,0xdd4a19dc351ba42421db282196af38b433aa86ba,3.775404173171594
14211922,0xf977bf5f5ccb1bfd868bd95d563294494f0d5d89,3.774740537214802
14211922,0x6c68895e429313434ad1fb3131829689284840bb,3.70125425
14211922,0x4fca7ea8770ea56d3e5eb1ce0f35ffe44f198c7d,3.6976645240021964
14211922,0x61d9e931a72c9fb3eb9731dcc5a30f1f6c3ab63f,3.6886983425283035
14211922,0x3b2534b8ea1f9a8bf9d9915b91bae673d161f2a5,3.677890900654949
14211922,0x5309ccead59405eabece0bddfd93e4a981522da7,3.6528539637456805
14211922,0x776bc79274d03546050062ecc6d52a82d8c10282,3.652
14211922,0x84f87dc95e563cb472a1fbc6cdec58e9b74ac882,3.642882451500557
14211922,0x13d89b34bd57f483f4023ca147d1f093436cf4f4,3.5830510009447702
14211922,0x9cd6f832f8c50a9df47c432ac095f96f011179ba,3.5483021686096268
14211922,0xa75f9c8246f7269279be4c969e7bc6eb619cc204,3.512725615813269
14211922,0xcde3725b25d6d9bc78cf0941cc15fd9710c764b9,3.5
14211922,0x1878c33468c1a6eec159fabd9fd03d6b689e8bd7,3.491878071312829
14211922,0xe5cb0018214662db80529bb0964094da3f441872,3.439705425688493
14211922,0x4dfd27354901e08323b7b6b955115e06805d82f9,3.4351706943758913
14211922,0x8d5238eacb01cebcd06f4fcd7bd321d00124ebf2,3.411934638375976
14211922,0xc40163815512794b7a4b9afaf300b968f1da3af1,3.3988729783520006
14211922,0x4862ebedc8a2da3f56eee2cfaac73a34c55c7d99,3.344186066694387
14211922,0xdf631777df4debcbcd647e85bdcb868b43663ba0,3.308980080746623
14211922,0x380180f6d556cae3b3a93b51d376b8c6a164a82a,3.292416907889255
14211922,0x48bff3491d185bbb3a81ee41c03888d1e8035f5a,3.251025678700234
14211922,0x0c1e99991dd2f7d374bff13f9f52284ce6cfdae5,3.2457245356893636
14211922,0xd5a3e16c8f60edefed9ff0ed9ff82972d07e1d3f,3.243217770168396
14211922,0xbac241e35c68f1d73562792c2ae3f6de99bf584c,3.1932210162273638
14211922,0x64f8e38e19c1b6992969dcd5769c149951018af1,3.128
14211922,0x742c43952a9f5822446f9280f8f942765beab888,3.105258243743202
14211922,0x77705fb36bffe99bb2ce067744a53722e369d59c,3.104
14211922,0xba9b86d84a5406762a7cc0ba5e936417976a19b7,3.09874190948302
14211922,0x55257c7dda41e21d6c23380a29cc63bdce7d266c,3.083075922142328
14211922,0x8e2a89ff2f45ed7f8c8506f846200d671e2f176f,3.076
14211922,0x5d2b7f517ea0c3a68e58c32f97b2b2c080ea3d6f,3.0603447768058247
14211922,0xb4e352e8af50861ab8b903ded3307c4b1322aedb,3.057671024562295
14211922,0x42f3a946dc469e90e14c2f907b9d0aea35fdb9ea,3.050968863681661
14211922,0x80f609adfceb731e8e620963bd194f4db9f56cc1,3.016308510263212
14211922,0xc2a03d1f27b1735c98d6c46da76580e76df063b9,3.015083436990567
14211922,0xee1a62f0c6fa867a062e8d33bb6969db020969e5,3.004935
14211922,0xc8a9556508ec672f7c4a1fa2a9edc0326525c310,3.0
14211922,0xf2ead634b64a36a975d3388365d180f1d0439db6,3.0
14211922,0xa37f39c248d65f5f07a0b65550faf63c267fbe0d,3.0
14211922,0x82f659531def6e3893aa584ca242ccd338ae1f0e,3.0
14211922,0x961a05d1a05010ec3c2418df6a77e3d88247b027,3.0
14211922,0x96c07d27d239758361afac650847d82e7d2a8480,3.0
14211922,0x75a7706c8ee7799152f82b249f53f57224cbc010,3.0
14211922,0x4b7c0da1c299ce824f55a0190efb13663442fa2c,3.0
14211922,0x56e42e67f1986dcdc8a8c7c3b354efef57a876ef,3.0
14211922,0xf911f24d3033e6e0948020ace70c003943d3a92e,3.0
14211922,0xfe277aa25a4f65a182c0ec135854794eb7131e79,3.0
14211922,0x043bd8f57401e46a5da19545ffb50370202cc179,2.9802528658675977
14211922,0x1cd7ed3a06746bec03e69574fbb3260c349bb6f1,2.9781473960391485
14211922,0xf17fad1fc969136311150d06791e6ce891e25277,2.9737863388049526
14211922,0xb4a957fedc75650d027a83ed992fac013c52dce7,2.9678290304237676
14211922,0x2cf3213bf801a183360df6931c31422b33566a58,2.961207047386709
14211922,0x781f7ed85839b4568f3eca98f98e88dc12736d43,2.9396579160803746
14211922,0x790fc40cc10213499e957ae8d51b6d6bb771624c,2.9379360572015742
14211922,0xdaf93a6a56aec45f7b23aebd531177cc531133ef,2.93356
14211922,0x91a332f12e51a5ab2b343c6587189969b533f55d,2.916
14211922,0xe5928764b26b4dbd4f79a0d9c9441a3ba1c5fe10,2.8942053361392186
14211922,0xcc52e4e272fdaa4863ade0aac23d8741ee4e2a07,2.8812702508340515
14211922,0xdf84b6941601d20e8b0a8fd787541709144e4c8e,2.8366571877410687
14211922,0x01ebce016681d076667bdb823ebe1f76830da6fa,2.825133352505402
14211922,0x73d388e3322c45b4451dee63d88273308ce7ff5b,2.8033142659236483
14211922,0x38140e35fda3f160ddb06e0637488a3e174acbbc,2.7360593694570454
14211922,0x62c918dbb9cec21755bdbb7d459c3455d17f8978,2.715227
14211922,0xd2d6d5368d77127d496a0e13ff232e52dbbb79f4,2.7078546080627066
14211922,0x31ece47e8eed2594865e54e8903bcbaa508494eb,2.6773617834435615
14211922,0x8ac5c1cbafc564fbd01ee4b116dea85e6a593ab4,2.6663760787290602
14211922,0x3cc6ce92eefb01732d88e54e7b2542e70d603aaf,2.6550460405446885
14211922,0x9a517b5d1fea6e42d50e711fa212fa8121c1f939,2.6528204991998954
14211922,0xc8e660e80c403abc85fdc9593b3a04c8fbec186f,2.6500090230520232
14211922,0x0b4b17bea9073a66648c1e86ae1a39ebad27ed28,2.603398314830877
14211922,0x9760a139385d70162b35e17ee5ce50fe8b15964d,2.5968903492567232
14211922,0x8789332a7c737c41559d6adf0c569aa71ba0deb7,2.592255318222581
14211922,0xee420ec82033ac5350b6d633a02cdf3fccbbd273,2.582770046000962
14211922,0x8468d6e438837d00c79b02cf882a291641f01b86,2.5800611412703502
14211922,0x6e9a65d4a066d378d9cfb340467713035ef390f7,2.512387225474802
14211922,0xecf8d1fe232fa4ee868753baa3dec87d07797142,2.50437
14211922,0xf54ec034555fd6bd9b0161d13e6608b7591b0ee5,2.5
14211922,0xdce7fe83d93e0ce9666c8cf0c674c3e11b6de07d,2.5
14211922,0x89d022f95dc5073b7479699044fdf6e3bc74d3b3,2.5
14211922,0x3a2f4b863be5128a8cb7be476d160375e21d1c12,2.4805064240292123
14211922,0x7c818d46acef870ea88137bf553594f4803872ca,2.4631556489541326
14211922,0x4776c9a33f1eeb14c0c95486b10c5e0275e5f71f,2.417
14211922,0x64ba57bf7977dc2c60a5c9935e01e2bc6cf638ca,2.4098869761855237
14211922,0x3f323eb3fedfb319597d5b627ecaaa65a78685ba,2.400301391274423
14211922,0xf5fd8041169f8b222ed70b4ebb90a9657264cb26,2.358024949943396
14211922,0x0a1a3837bea1d3c57170d3e3638a857651ce1480,2.328675
14211922,0xdd421db3adb37cf735352cfee117997ecf26620f,2.3
14211922,0x8bfd22d7fa34839447af3b4ed35b847de5882dc5,2.280176229496747
14211922,0x5230c5f58fc32ad8995f317e5f2e97f8cb9cb557,2.2430019988400995
14211922,0x044e1e9cf2067d28a8e98332fb3c4bde034b8295,2.241788191360533
14211922,0x2b7773db0f40f1a8e8a93fa40ce7062361ac2006,2.2398373355624277
14211922,0xbe843332e0a1d7476e10f42cfb5cda5b0bfaa614,2.224
14211922,0x069ba44bfe4584ecf7e5c2346e2cbdc916bf30ac,2.2065094656762945
14211922,0x842b1275c0709bc1cc0c6a91436fd41d7539adb5,2.202635
14211922,0x65b2d54d01bd991df14f2a902081aab839dc9082,2.1957059926764817
14211922,0x236ff34518dba76612bb571a7baa6201d02ea985,2.16448559
14211922,0xdcdb53e8e1123baa64a0b7d3da13e360ca843797,2.1612390511865702
14211922,0xe28e2846bd064e08e7a6a8fda27e8d6d51f087a2,2.15
14211922,0x98d33aeba642151d5fb53e7966d4a0121093e478,2.111
14211922,0x37a2833f08384a2bb6cdeba419b346d6487474af,2.1
14211922,0x15d17590e1275d54ef14cda79147f41a2d604395,2.0957159864649686
14211922,0xa99e72bfed1ccdb04218ba9d2be5c2a0687fb512,2.08571904882507
14211922,0x84f918ba377cbd0385b4ef28f6b2b6d7e9b54a4b,2.085290125466083
14211922,0xee07fc5f116fa4d73f13b80d4141594bc76e4d2d,2.062
14211922,0x97224c61ecc254af6a4fb717d6b2df09c4545b9a,2.0545252689371734
14211922,0xed11c993cae7fc4aab522c9e3986b233657efc66,2.052931859993723
14211922,0x0fb537583f29cdc2a143589845036bc16fd93096,2.045869
14211922,0x0f7a5ac69921e92a408d4bd03c53f56cdd503eaf,2.043
14211922,0x468325e9ed9bbef9e0b61f15bffa3a349bf11719,2.041
14211922,0x920c860252469ea6f3e430e4af54aa5426886c9b,2.039658340570704
14211922,0x059b99abc4b93edc445af6416b985402c6ee4198,2.039
14211922,0xd8f6877aec57c3d70f458c54a1382ddc90522e7d,2.0353757094678966
14211922,0xb805a4ba48e5c3bd4691b8e25685bafd691933a4,2.0288446769335238
14211922,0xde0aef70a7ae324045b7722c903aaaec2ac175f5,2.012597743526963
14211922,0xe835ca9b0e97e7bbe3d7e0db84a6926c0677a2fe,2.011089
14211922,0xf72d580a01163b6012ae7623df7621d75083913f,2.01
14211922,0x63828ff917a9798944c7868d8b27aa0056d89e27,2.0099061834528595
14211922,0xb230628e4855da9f6c2a34b6dae57532a08f5851,2.0052225973331437
14211922,0x5522e7aaf31f828dd7d401022364338b6a57e439,2.002463884811942
14211922,0xda15a089ce396c50fdc1c01afdb97c90ca9b0e68,2.0
14211922,0xf7030ee79d6d8176caba07b0f8dcb4a40d029b11,2.0
14211922,0x44dde9695027ca6acb7cdf3b361c37056122e4af,2.0
14211922,0x385d0d73cab95bed3b51629d4e61990ecc60bbab,2.0
14211922,0xf9e27dfc8541c2767a38abeb32502d4ac192f6e0,2.0
14211922,0xa22c032262928b2b438524b72daa72c558ab71a6,2.0
14211922,0x282c23030b028c676ee0df8c21dddc727d8a17e5,2.0
14211922,0xc7f4cdb175b1885e95b8f49ccbbd3f929ab7d1ba,2.0
14211922,0xc9a4ddbc437d2dd5ea8a69b1d803122818a39a0a,2.0
14211922,0x56fb82cdf1eba7d9d75a1c0961c49ab654b818c2,2.0
14211922,0x4c5f4f9df7968b0db448526162114a04f3462bad,2.0
14211922,0x3e86eac93a2dbb4faeb8709d77d451aeda710ef9,2.0
14211922,0xd65370c5565f2bea121f3c22823233f98a4be793,2.0
14211922,0x00ae252041cc9320e882b6d8e086f723a1a70a45,2.0
14211922,0x451862c9031e57df0be61751a4888456adcd1787,2.0
14211922,0x51f24a4f20b0f4da974e2074d51b841be19b0c1a,2.0
14211922,0xe4b6259ddbbced6fcdac61817c23e4785305d030,2.0
14211922,0xb3332fe2f1d3d4cb0e67c96ac09fa2b267bdd4f1,2.0
14211922,0x1ed8b6c98f177518507a0fba32961c45f65667ef,2.0
14211922,0xb6002b0b757c45691b097cdba266657879485e21,2.0
14211922,0xe764889bad15254d663893e4f5117edd633f37dc,2.0
14211922,0x4b2e0801a80aaf572c0c847128b7c66e2223670a,2.0
14211922,0x312a445f9839699e2a0bf96d0cb6c709e102dfd4,2.0
14211922,0xaa052cde1b431d6f8177c5ca194d98a4a6a3f626,1.995
14211922,0x0f1020dd3bf19518cb836b6107403ab19d3c4edf,1.9787742556177885
14211922,0x91f6f271e8f314f1846dac54b6f8f455420468ba,1.9647990000000002
14211922,0xe230913d4aa79e7f9da2a1d3ea3b0bf7de9a7b51,1.957756242
14211922,0x2a87e5cbf9faf5b63a23be53d304254748b90356,1.9506551232524967
14211922,0xa6affe72e14589e5ac8c0d588c99c3a714530171,1.9478968403778858
14211922,0xc0f48a9195b369e2c10e4ca175e44b9ec753ee54,1.94
14211922,0xc4a6c6d69d95a4d36377e3b1b653c7f584709932,1.921
14211922,0x2187119e30603d27b59c8fda7ac1a695a669203c,1.873175106884767
14211922,0x024f36b02608a5129c61f8df54dc7286f9113dee,1.853990946260238
14211922,0x09f50d586e073974afd81f67a89d4069becd400d,1.8489590000000002
14211922,0x76b11e445a3a459e141db14aebc611b2b279d4e3,1.8032226133973768
14211922,0x806388e04b7583a0148451a8ecd29a748b8fd584,1.7873451219115977
14211922,0xf91ae60703c8be0b12706f810a459f9b61f199cf,1.7622321836513624
14211922,0x516fca170bfe24bfc54e01f215ef85fe9b5b798a,1.7597420092082277
14211922,0x0cad1d5ea8b4eee26959cc00b4a3677f7a11e40f,1.754919350767283
14211922,0xb0433a329b2fe3d4a15b933645c01782d923fd42,1.744674837479537
14211922,0xb36a7659a3457d4454ac4e3241995802603caf8a,1.71
14211922,0x4572581fc62d4477b9e11bb65ea8a1c306cbba3d,1.6981088846214003
14211922,0x730f5aa984a4e8320435d76dc68091e09adaf06f,1.686258
14211922,0xfbf574892665bba1279e971268590cc6266aa1a0,1.6796137553046244
14211922,0x7e4c3f2751a1df8e2526cff72133abc0cf6a06e8,1.649119288308594
14211922,0xc4590e9dbcf47cb55f50ec2a504c026866ed78c1,1.645
14211922,0x030138d2f5f2757daae2fbb8dfd18870ea908881,1.6321086485034801
14211922,0xadaae0cf49b422fb24cb988d669e77f4e015608c,1.6152138753683272
14211922,0xdfd9945e82ae729deabdb0c1d57a16fb884cad83,1.5957387569857195
14211922,0xd7b37d847c0d6fb2eae580e7dfa30c0253f8ed93,1.584349987384608
14211922,0xd73c8daa6957ab3221a5c83da29d2e3300f8998f,1.56757
14211922,0x97bf1a16f366007facb07da02df72c5e9ed5803a,1.560650865459195
14211922,0xba0d6d3245c87fd89a70435d72ac3728039bdfc3,1.5
14211922,0xde194bce96574ce8721f641552e8725508cfee87,1.495522847074926
14211922,0xa06137b61301aebfa7b6a0c8939d1e8528045782,1.4856692472711657
14211922,0x5189a6fc09228b73398ebca1e84eb636ff7b56a0,1.4744168049157564
14211922,0x05e1d03f9286e4aa9e676243619ca73cc250bcda,1.4720183379879919
14211922,0x4d39a1758e3f5008123f81d4c1d2fbaa6ee27aae,1.4537598973158057
14211922,0xe8fc4188c56ddb766916d76d1eaca85d8b8efdb3,1.4455
14211922,0x410dcf5bc94a68c8de5ae99c18a89a3a8946462c,1.4388048674952227
14211922,0x099500598f7b16cadc124775bdd36db354ede1b7,1.4342857951666206
14211922,0xfa2167f72e23d818637e265de1351ff26f1b2589,1.4231810064177168
14211922,0x673995c0d74115d01ca9d051e130885d0dac64d3,1.4049800249945403
14211922,0x0fda6dc6b11c2ad70d496e9b08faee66f5de6177,1.3728996845318377
14211922,0xf61397e4b0ff46e78b34d5f72b49b4d46e8c96dd,1.37
14211922,0x8e919425baa8a813fcaf5d6fd5d2e5ab4f97fed0,1.3628891655427247
14211922,0x44a4212ac91767708ce8a6e41a43f18181def77f,1.349557
14211922,0x8130512c423fc1fb5fa4b6ac741285a6c7d7f55b,1.348
14211922,0xfc179549d061fbcec93bcdaabed4f41cb1ae8c56,1.337
14211922,0x364f7fd945b8c76c3c77d6ac253f1fea3b65e00d,1.3254471654537963
14211922,0xaa8bbcf4de7cca4dabe1d82681d2343bae9d4123,1.3202222222222224
14211922,0xe694574fff63e4333e76096ae42b5f7eb89dd679,1.299
14211922,0x5e0fdc5a4a74c962c0c96fd457bb494b10d84a50,1.2939254698326357
14211922,0xa9ffa6b04565e9ef06271ae636cecf466d637201,1.292440720848144
14211922,0xd146ac8ddc2520dcc60674722e776728958f9c91,1.2874528233808367
14211922,0xe0bc4dd07387b495cde6c39d8041fc0618fa9fcf,1.2735107608413694
14211922,0xe965fbf5ce2d69da6b76d375638872a77880d62a,1.2729438488876448
14211922,0x073449e7f3a34b9ad150f0522a47424a9def6850,1.259
14211922,0xad5a6ad4c746290d363d8754adb20ff885ac502f,1.2562
14211922,0xa4d840c5861bd43dff4a29fb84cf92ccc421f11b,1.2465881133754
14211922,0x0b01576e6472af5f0abc0f02bf6228f067bb23ce,1.2364887946218843
14211922,0x63421ae93c44f5f3f58b7e3ad1245e955db49897,1.2266829317876717
14211922,0x6095b2d9c184f57cf7fa0c0358de34d09e2594b9,1.21972061
14211922,0x06f90b1dca40fc0a4646c95600065ad7df48bc5f,1.21
14211922,0xc7e1d8510968c63f41c668f23d35c709e94779ba,1.202019197916797
14211922,0x17f49979b199cf519a68a13afc5ed3f4187a6f5d,1.1806675008027028
14211922,0x63829da9dc103b63d984391f7580eddb220ba6d9,1.17163
14211922,0xdab15c1e08717c43233ed009e3eeb86e5071a1a0,1.1690628970633485
14211922,0x7254b7e51d9305cc7bcd4510a1d556363385159e,1.1687087077446199
14211922,0xc91502004bad692221d293b98c3cd8cc5e0b9025,1.16517067189591
14211922,0x44cf78e365a3cffed54b7f2d702c2c6239276fa3,1.154536771326399
14211922,0xef18d342fae9c175e02a4ab6ed3a7d63f2255ac1,1.15
14211922,0x1eee136ee6ff810910cda2419614ec51cb741c7b,1.145734789359518
14211922,0xc9a238405ef9d753d55ec1eb8f7a7b17b8d83e63,1.1431742633163715
14211922,0x9da847cd29d0da97fbfaee0692d336857cf00cd3,1.1368571689536004
14211922,0xa4fb8f10e99a0762cebebfcf3c69d20f67742c5b,1.135829039646582
14211922,0x490461d50105ee1d3f170edc5f164a754c9745a0,1.133593328873344
14211922,0xb4646f56a0f8d7a36ba19a2956060f70f61480de,1.1305622218567624
14211922,0x7e9b3f5a1e3e148064f1a8474e7e0684859687b6,1.1192254475909036
14211922,0x4d00af255c2886da69287c6fadf059ac874e1933,1.1154984961953867
14211922,0x44a529f72c9f5888c69e0f4a2614d91fd289af7a,1.1149910268451395
14211922,0x304038febdb021f36cd5d11f69feae36c166ff0d,1.113793
14211922,0x34cc0dcfa7c40bbca2b2b00e0e0dce1c708f76cf,1.1122073733618218
14211922,0xcd9215398ce6992bdb381dec8c6250c98c10a1a8,1.11183
14211922,0x9cead5773f576e9ae649251339b5f71c21edee3c,1.11
14211922,0xcada38b3d2e3d8714e783ae8c420b4024817e3e8,1.1074758181996704
14211922,0x6442c72abd1a9d14c303277a8c994fae295b6bcb,1.1028455108983926
14211922,0x039ec0b36450e9b2c5f59a3a6fe991469ac744f2,1.1
14211922,0x7246a274656e797fab4b02eb1e0581d46f0358e2,1.1
14211922,0x0c54d54f8371017473b2d5add81908b775b5a800,1.1
14211922,0x03bbafe60bc8dbff223d27541ce9f2bd494582c3,1.1
14211922,0x4da9cf8738366fe1484d33c485746f2053ae1466,1.097884
14211922,0xede4f636bc9ff333b01c26ba8a37d13b82e40214,1.094812
14211922,0xd76ff76ac8019c99237bde08d7c39dab5481bed2,1.0840261472950807
14211922,0xd3443514c851440060ad8dce2e6319066f88d9c7,1.0800827936140354
14211922,0x8f1871170fdc37af79756a7a7b08ffd630423cbb,1.0776125974671662
14211922,0xd813a52b1158fc08f69ba52ca72ca4360e255ba3,1.063
14211922,0xf01670d1c89b3b33b1e2c4329f57e8823c0a6e9b,1.0624067605664091
14211922,0x61aee4fedea3cdb2010c09f66234e90282d93c44,1.061827973245246
14211922,0x08a2615cf81852d6e31b6eeb7c3d3b613be8ab99,1.0590483174212404
14211922,0x5a55aad519556a40fe4546f23a07500d2379cfaf,1.05
14211922,0xed4a59031e82296ed0ce0e3e1bf0020a5570150d,1.05
14211922,0xeb59580ff6b870b910f989f92d129958e8c3c861,1.049998696780495
14211922,0x4679c6a025c3385e6b842dfa7a3d2831fa3b1ac5,1.0461082723156296
14211922,0x2d0f26ad49d8adc13efc9e44741161b9a3f03260,1.046
14211922,0xbbf7bfc4d9acce27082613e2c14d9fe8d1a54a29,1.043
14211922,0x15bc24cd1f69382118cdeb0d2edb7b175759c81b,1.04
14211922,0x91f9adc2fc049dc33c7fcc6a8109150fe283d73e,1.034
14211922,0xcdb7361e0793350be029f2b1139621597e4cb053,1.0290450763319523
14211922,0x50d52d86458f73005858a9345cf4ce89e5a6f410,1.0286456413926672
14211922,0x9e331aee9f82b25078f7bb1581ffa8383ad84944,1.0265317388972952
14211922,0xced34c803f394dca295a2641c31c7fd01b60ffad,1.0224173994911518
14211922,0xfdb3e523fc6f0d93fce8e57e282c503c5384d08f,1.0211691703832873
14211922,0x151d3788265259f2f9f834dcc796fada5082d704,1.0206719253418417
14211922,0x4273c8cb546a6d068a3b92c020247a96518468ed,1.02
14211922,0xf797485cc069a3910cd5d0eb5e168eeb9e8b8b1b,1.0181309470380961
14211922,0x94228872bb16cbcdfe010c42a8e456d15b366bf1,1.018031397445651
14211922,0xe3afd4031a887c02e49e8465f00b79ba316b595e,1.016741238822184
14211922,0x2718e86f5793ac08bd3c4a301382e8c1da2a1e30,1.0159462388713247
14211922,0x38430336153468dcf36af5cea7d6bc472425633a,1.0150019576103984
14211922,0x01eda16f6a6c3b051ecc63b0d93c8c3a27491dc2,1.011918554688721
14211922,0xc47e00aeb69c3fbdb79201270ded5a5066832a81,1.011159829089243
14211922,0x0321e693bec2394c33a0b4f101d1120ad3cf1cf5,1.0098578242299698
14211922,0x28552ea8b232fc63d6ce69692d8a723efc5d4502,1.0082795789659946
14211922,0xd31a3c076eabda08d3b31ed32da43bf1b2f6e4e5,1.005843734898828
14211922,0x0d117fc5a742e1caaaea3add9faf6ec4353c65b5,1.0049992521984352
14211922,0x8af6ec0cdc9b4bf2a489cf6db7ecd961df3c00b8,1.0049982846807612
14211922,0x0f585d3a2f9d46433cce13e68377689a73868f75,1.0049915069737434
14211922,0x0a251df99a88a20a93876205fb7f5faf2e85a481,1.0049724111619274
14211922,0x3f7c10cbbb1ea1046a80b738b9eaf3217410c7f6,1.0046085149169346
14211922,0xc342f7c195da20e55bb0ccef4474a6cfff31dd5b,1.0040536394710142
14211922,0xf85cbce2f34ccf3aa28566b7c4286e2300cd8d89,1.0022088902248252
14211922,0x3c6cb1ba741d0d1e4454f0bcdb246f32f6e1351a,1.00188888
14211922,0x17d4e66760dabfb2a64f39810c43c428de256085,1.0014289348763772
14211922,0xd91a1d28569e494a1441b1709f46dc69d36c8c72,1.0000000012406602
14211922,0x0d78a4b2657dd319ae1f47ce5e529d03e984cef5,1.0
14211922,0x50744d084b66e0cf498a5f078c70da02691c8aac,1.0
14211922,0x49be89682318bc5b79fcf33c51ee2bc518fba992,1.0
14211922,0x5b655eda7d101f98934392cc3610bcb25b633789,1.0
14211922,0x507319a359d8ae60fbc644fffc4fabefae89625b,1.0
14211922,0x2eca78074893f46136472620e2d1d64b5d877686,1.0
14211922,0xb3ce6f71b96d8038f873968f410569d23db68cb6,1.0
14211922,0x28fe46db880072e129816ee2bce5bc5a9712a058,1.0
14211922,0x2059a96525c364560a806ca035a40c9f379ebca9,1.0
14211922,0x34e755e794e30960b07aeb42223a750aa56ab42f,1.0
14211922,0x5d0a6fea600d27161649445e5941ea75feb6d466,1.0
14211922,0x0d9b7c19cf1a55abd4458634752751840576156c,1.0
14211922,0xeca43946dbeeecf791cb8ff330f2d0c415934184,1.0
14211922,0x773ef578fa95a36d5d2ce1d07cece96311bb3544,1.0
14211922,0xe34e1fd01f5d2d5533a586941f22dc8d4894a0d3,1.0
14211922,0xba29faf969a0252bc58bab0c8b3d52b162470345,1.0
14211922,0xe2f46cf35aa1077de5163867e1f73a97ef960590,1.0
14211922,0x67a122e18bbc259dba299b8259b102d940f07420,1.0
14211922,0x29fce0d2db8b5147d6355ac7f68089a4e6cfa986,1.0
14211922,0xf2b7c53c0e91cb2a7c74528e0e032dbe9b25f116,1.0
14211922,0x011ebe45c131e87e187d185b842facad9e8e9dd9,1.0
14211922,0xc9ecf35b2e63c9ac579f260d694e549565af3ba1,1.0
14211922,0x126ce873371c15a664306a387cc2329f67cc515b,1.0
14211922,0xdfad0c01a28d9d95486bb3f0821e4f5644704fa7,1.0
14211922,0x817dc2224f55cd1dcd82cfa7894267cd8da60257,1.0
14211922,0x6e65ba5d32be0466dbb212a0e7a6ce13ab4ba52d,1.0
14211922,0x36de990133d36d7e3df9a820aa3ede5a2320de71,1.0
14211922,0x9119bc87389700b8970df51a810dd8fa4db38264,1.0
14211922,0x210abc3a06e51ae23c730b40e6fb36569568389d,1.0
14211922,0xd29f3eb4760efde9a7fd508a564d9f9e338d1e5f,1.0
14211922,0x9d9e8f28a8df0d590d7c23d3d7b02e6954073f4b,1.0
14211922,0x2b614ecc9e91af9d056eb8acccf5d9928a7cf4f7,1.0
14211922,0x11b1785d9ac81480c03210e89f1508c8c115888e,1.0
14211922,0xc53e7040ce1d891d59f67cd2dff36b32d4db1f80,1.0
14211922,0xa178c15dd95553da5b79c1ba0bde1659fa2e76c8,1.0
14211922,0x8ea8211efe3a89d6a55278fc0f687e8394db962d,1.0
14211922,0x939696e968998cf5b74d64ce4abcc822d8b1b77f,1.0
14211922,0x27cfc88640089f340aeaec182baff0ddf15b1b37,1.0
14211922,0xb412c06844f87b57e2868076c563e84ef980017a,1.0
14211922,0x17f7b025b9abcb7b83aa9f6a2bf27840acf20563,1.0
14211922,0xd24db0bfb387b0ed05f757e5f3b9ca1c59a82605,1.0
14211922,0xfe35e15be885750d9b2363cbb6abdd57ac9c4c40,1.0
14211922,0x3720302e025cf81c8d18ae98dfa44eae665e522c,1.0
14211922,0xb6a312b525de98cbd6c73a63e46a1e9acb835c64,0.9992946160828161
14211922,0x01ff3a6ae27f59ac1a706568749aac2632520008,0.9981253025533872
14211922,0x6a983e653d6d7c81fbd29dd7cc638b6f36242d08,0.9925
14211922,0xeabf7dec6253f3ddbcb70a93fa9a5d6470f6cf74,0.98499
14211922,0x86b2138beff61ea548d173df76d85b903420f373,0.9834786782623222
14211922,0x8a33b3a47810fecefe88675bf883c4c7c9fcfbfb,0.972942
14211922,0x56e6c22dd85f6329426d336ab52d8dae83a75fe2,0.9714084036953357
14211922,0xf728d573f0e5441dcc37a63f819aa960e7337dce,0.9597649905818796
14211922,0xb1c0d822e2cd6d564d71b50aa02fdee9d198943e,0.949930981052134
14211922,0x67675b30ad36b0ca29d40dcc2fe23e0fda9afb9c,0.9481407156861248
14211922,0x1e955aa345db4af2c9f2187283693fff4fb541f3,0.94
14211922,0xe99cecd03feeb99061d3562cac7c27166d7fb9c5,0.94
14211922,0x832799c483e1f1ecd4e6bba7f042e99161babdfd,0.9389743393076808
14211922,0x158275965837d6f85ac7a1758e08d2eccb64459f,0.9267109492412149
14211922,0xb0359b486889def3063fde651e5af71f5cf3b24a,0.9190377301185627
14211922,0xb017914f4bcaf9fc600ffb92c0964ebbee16220a,0.9176813745984876
14211922,0x5049078c33e670bf29c61042f13e18442362d55d,0.916
14211922,0xd14a57df1dcc9aef3bcc9c391a791fc901540194,0.9095976894248551
14211922,0xd4ca6ff3dd02bab5036d217ff7f87e7dad6d9066,0.8977618367054331
14211922,0x1fdf910ad3f7a9a066b512ce7c28268b6cd3b031,0.8945444699796719
14211922,0xc7857556c226b0e61bb18eb8dd191be7e1ee8ad3,0.8913434543274409
14211922,0xf674eb4ae5988df306cace228e40139cc216198d,0.8754785719142493
14211922,0x796fc877766fdaa5196a35dae0ee9e2c3ed1f78f,0.8712492980200333
14211922,0x0bc1f938ba8bdddced576d0371a9bcc0aae243b4,0.870549187457186
14211922,0x8295f58f004a21793f33f7cb7129e7dc9948d741,0.85126
14211922,0x63346d7367d4ba9cd1ff45d7b900b32ec4f73d5e,0.8466899278639619
14211922,0xfc1d3399102956f37a9dd17898688ba4e2aa19e2,0.819731333615174
14211922,0xb79a3ccc512f1c83e0592db79b28f6ccd949b048,0.815
14211922,0x5ac1446a61c52720931048da5eed57eb497b0129,0.814825034260736
14211922,0x95aa6cf80aa61c3433215c7b8330c065ed29ce97,0.8117070436473762
14211922,0x7ca0aa7d9f1779542b2fe9c900fb4432867b9566,0.8039811464005021
14211922,0x4ca790b2c94af33009f5e7e2a419d766d77aa88a,0.7941275707165076
14211922,0x5017debc066df702ba3b085f2ee015e79ae24500,0.793427301263505
14211922,0xba56f6da7b741cec307c30e5be80c04cd08e72e3,0.7537807518896862
14211922,0xd0e2dfd004a6789068620e900dd9a69f6d82fcb7,0.7430346857079175
14211922,0x03ba4b9973039d6e7fe93c34535caf4516ebaa3f,0.74
14211922,0xf938fd5535354748c323d9b1ecc833769b14ccbc,0.7158139303131236
14211922,0x872afa060093e1ec08abe9311ad23569d396ad41,0.7154137654411881
14211922,0x8642214d3cb4eb38ee618be37f78dd74a3093869,0.704
14211922,0x6b1dba4494147bbfcf3575bbf509b8000d31fecb,0.691316
14211922,0x7cfed2a2d4a98680dac6aa55120f5af2ec562ebd,0.6790159755513658
14211922,0x78dd65496968fb7defba6f19f36b2996b32d84c9,0.652585
14211922,0xd2a4f082a6e7b754ae11fe76616a6083de478c70,0.6451921713694936
14211922,0x502fce03af4bfd3dc991a6f7d0523cb920e1dbc8,0.6426997409522739
14211922,0xd18e09e4f5fa8c8e881f9dfcc52a3e6613561f1a,0.638671964981573
14211922,0x413a9c69df59288ef9a7ebe78a2033dd2f3e1af3,0.618289
14211922,0xf476f2f78a4b800f61fe5a2dde49cd8c03d63c7a,0.6169460790952452
14211922,0x71a0adb369da76e300a9ec9f6e1ffcba6e185182,0.6125328008342972
14211922,0xc095ee11a9c4fa28ed26e07c602b4dcf8daf3ac2,0.6039052745838489
14211922,0xb7c0e68d6ff9dab41779aed07462cb22fe087c74,0.6
14211922,0xa61301a5199671ab6c5d2e21c718fddbdab778e3,0.5867409394637384
14211922,0x0c133df3ef597ee4af29406d82f1d9188cc9c228,0.5641867896011029
14211922,0x98ab46ed99d9fb663bd79854ea2a6cdcad2163b8,0.5550523418052306
14211922,0x3d6f6268b62c401a0e417a853098d097cac78f2e,0.5506426427610553
14211922,0x0a8f3d9364ffd3478ec107472286e13a34a9d0fb,0.5449326357359622
14211922,0xea89139d7a424a46014d4a3a51504b4c93811888,0.5386141604619459
14211922,0x98f8193394791fa8a34237f8216d236405acbf4c,0.5297075438795904
14211922,0xb305acb336af101039c2a63bd3e6de05d72303a0,0.508
14211922,0xc233397073b6901a69f91a60168e1bdb03fb9925,0.5023298899358088
14211922,0x7a05ace8d3b5d4dc2ebb945f6f39349a499a29b0,0.5020005414794657
14211922,0x4d8222965d7ab82c5c4eed9ae7d55448c22c15d9,0.500469
14211922,0x62cb4e2bd1dd031e30b4e4032942113c682777b2,0.5
14211922,0x146f152ea0a0c45cb7aa03cf5ccc0ede24119546,0.5
14211922,0x23a1718da41a53c320cc9b0d5a2c7025b6c7e0e9,0.5
14211922,0x439917a5db9061424c76630712012278cd0ca652,0.5
14211922,0x6797bf153870a00f97d881eddead6341a3dd8954,0.5
14211922,0xe97ea3ca768c930f1e77f159153c945265bfee00,0.5
14211922,0x90966e5d16cd278f0c84a99069901668a85c7104,0.5
14211922,0xf857e5e1554e0ecf2a2a3581bbc777d95c5264bd,0.492423
14211922,0xe794d5984a278a5bcb84097aa93b350a7865e903,0.4910500758662383
14211922,0x099f8498348792abe502ec12f6163254dbbe321e,0.4797293928472632
14211922,0xb80a8a222e9eec886247cb6624fb48f7d37b3253,0.4751699221342433
14211922,0x22b09db9e147f1bc4091b1010abb07ccd15d6429,0.46928424215163583
14211922,0x3ebdb522301913a5203315c8a840a9ee99ce9eee,0.46115568379354616
14211922,0xa49c321a905e172e6edb397fe68cb65f6549e01c,0.4598414824438106
14211922,0x1385c9501de747c673200151c949791270bea307,0.4567447486846244
14211922,0x3cbd3d635ebfc6dc3dc3e3a71e2b36123b66e891,0.451
14211922,0xd606424168d1f6da0e51f7e27d719208dd75fe47,0.4467985884166642
14211922,0xbe61359a90eea3be6b8169ac2a098b0945e1d556,0.4405849383926327
14211922,0x4cb5e66d20e8d2507994e61010f9a89f3ea4f59b,0.4394152420355054
14211922,0x2cd7001f9f658ec784176bdc3289b13f138f7a52,0.4372367143551203
14211922,0x79635b386b9bd6636cd701879c32e6dd181c853f,0.43431035
14211922,0x1a34f1bc80709798b026e9f39d09bd0ef4f733e4,0.424602207714133
14211922,0xac3e015877f661a9f75391b14e0107b5d995ee38,0.42135372151986583
14211922,0xace0086da2ae12bc6e19610719fcb822d10d665d,0.41884430991627986
14211922,0xdb25f693beceafebdf4eba481b57bb3ccac950ac,0.4131580416233687
14211922,0x8155b89b9eff2ac567cfc4ea4a370dadea748902,0.4096532671142538
14211922,0x561ecfcf990ffcc6c8f843c59170f80160f92479,0.40859590492913517
14211922,0x8f74a2fbb9dcbd3fbef4cc02afcdd14bece0c542,0.4
14211922,0x8cccc024e9bb9a9c4438fb7a2fdefc2bd8fe1863,0.3958332167283715
14211922,0x78082d8db5a648e92950c3ebd9867edc7cccd19f,0.39252642111920116
14211922,0xe6fd97b1effcda6b946c3a4b9fe8ecdba2b7f05f,0.38704497676183613
14211922,0x731470ff567eb0d6288fda4a50b7059e70a7b4f9,0.3705944597237427
14211922,0x3fa28980fc0b62cda392863ddf916d1c342a40ae,0.3646755573159548
14211922,0xe0e67ff8ea9e23263384f5076b6afa79859fe985,0.35679
14211922,0xa84944735b66e957fe385567dcc85975022fe68a,0.33254664837514475
14211922,0x47dc5e0ed9839cd423cd1ccf3d9da97862cf7f3b,0.3143517277200039
14211922,0x5e6074d59abcee40951fe8212be1ea3e7644b677,0.311592
14211922,0x1ad53d65a8dd2dafe6bf797275bba4fd95900fee,0.3
14211922,0xc47c1ecd80810f6f2bf50aa9c2a580ef7978eb55,0.28889632666969517
14211922,0xce27ba6bd681920fad0d2dfd3bdceca63876e708,0.2853686115345811
14211922,0x0e06325f6f13e5526cabaeb5621797dd3264cb57,0.28291121413121767
14211922,0x5abc5f885e235c30f99c80b9da8d21f85f65aea2,0.2809741344704386
14211922,0x26da2365ba9eeb887ebc7b19172592205f1091c4,0.25983039004088565
14211922,0x8330a84d3c16a55302f921c36979b1067418053a,0.2561382553036781
14211922,0x31a4df7b09872935b5b9f720ce31fbb311ce4cbd,0.254
14211922,0x3da48c5e033edc7dbb3bcc1e68293753c1ce9cf6,0.25
14211922,0x764e3f45a03ede81072ec32c858cb7321c5f345b,0.25
14211922,0xd6a6992c056cf121f99c14c524aad6d43ba290ab,0.24882202261195396
14211922,0xcb49020852676a6020f89363d42ef7d860e32081,0.2350475913675134
14211922,0x7c17d7aff01aedc9397b3f39d229d217ea99d1bf,0.23260872787119405
14211922,0x3177d6f00eac68ee58fc5415a5fa5d4eaed4c438,0.22476308567018968
14211922,0x8566f09d813cfcc25fe069e264627711bcaf7892,0.223698
14211922,0xce1c38525ab4e0ce292e983555f6fca023211701,0.2206134462367216
14211922,0x7bc17f42367cfbe17f9c51d96a4a90f152735420,0.21927739488312095
14211922,0x8df126302a7ea75e7013ec8ad6bfac14dd84a5ff,0.2157
14211922,0x77f779ab2bdcd641eda87c66f6bb6dde44d449f1,0.21201924669180455
14211922,0x94743522f741089766be3cba1b8872e0a1c4b584,0.21
14211922,0x98b7a46a33d60f71522115ab7e2ec8f0fc294038,0.205
14211922,0x88df652d37d89a9cb3fe95d92ad8489ee54284fd,0.2
14211922,0xedc6a1f3e62671e6196d92ca81ec2b382bf1653d,0.2
14211922,0xc517f778a5faa933bbedb221b022482e05c68e89,0.2
14211922,0xa5ba2bd4d2d3e064822c5be90ceb9273146da810,0.2
14211922,0xc49ce8477ce94d2c8d9dc1019948a5ccebf85fee,0.2
14211922,0x034d7848570c537fbabe828bc62aa3040c06b278,0.1935
14211922,0xbd2233c70bdd0cb0158506d10f578232f6a14f2a,0.193
14211922,0x1f0b0136d9e89560767dd5aa79f962cfd4ad476c,0.19252938938489705
14211922,0x46ab107b3632fc7140e7b2294e5d803774eb9c88,0.186756
14211922,0xb83d1c44b638350c566301d4e99bae1a1105bbca,0.17440992101555422
14211922,0xd0d3206c1da10448263450556a25748d84a06594,0.1703694203090539
14211922,0x50daa97738a7fa442689ee86f37d7eed3d55df46,0.16577237129527897
14211922,0x19c0bbebf716367923b359b4ce79a136e66faf79,0.15
14211922,0x4fa699eec1f8acb4a23027a1a9969fd20f06b39d,0.145797
14211922,0xa22f4dab60fb06ad1a0619670a5eda7fe9744901,0.143648
14211922,0xb721262e075ad4073ebe4560161a88fef8c82dcd,0.14247093356675253
14211922,0xfa360f1f62c6c61e8a7da598f53fb56c11a1c0e6,0.14226937108008716
14211922,0x8fe91d9da3c88d0a37091e706af580e6552cde28,0.135777
14211922,0x34fed5f05688c0296775a4111b93539d94f7f651,0.13487693115698896
14211922,0x44f0e650a559fd905228047ca90c3d7d696c609e,0.134776
14211922,0x61477eaa5e33400acc353390ca001be0eb706eb4,0.13431474441004282
14211922,0x6d51ee687cf69e5a8f9412ce00fba6c9d45b616d,0.1331
14211922,0x5a38f942b5a593652ec1eb844cae8865cdf99412,0.130782
14211922,0x278f468780c051736ff11cb0a2c4851c8a5e0213,0.125
14211922,0x7f5fe0cf45ad50b4e80fe66a87f692b7c006bc3e,0.12402616320675049
14211922,0xe6e3a67bb7d8a3863dc7e25bf69ea3e631b0d763,0.123
14211922,0xbffdd785538b1633719ce8a95796eceb39364b02,0.12208292904846915
14211922,0x70db6ba00197d1e7d19ac294791228ff5949290c,0.12175699371711443
14211922,0x60d690b144bfe7eb9218a55a302e6fa3d45a2bc5,0.119791
14211922,0x529927666a32b4ae9a464a96bd104faae2d7924c,0.11709662074532257
14211922,0x0b7c75a9689a84854256c7d5db7c87feb1bbbb8b,0.1160659413320915
14211922,0x84ecf15af6fec307afeab934b46947967bc02d5f,0.1154188922439913
14211922,0x52e3f56aeb7e5c7fb516b494b8e616cb6324e5b6,0.111485
14211922,0x55746bc4320c2d2976a0dbbfd1b3d5bd36d367a0,0.11100997911076477
14211922,0x668fab5429f363f87c17b1d9f7eada702cadae1f,0.10947397641518496
14211922,0x00248c162125435c1e2ee5a0d8cb1e5688eb75c1,0.10651880774524128
14211922,0xea5e2ce63323d962556dcd3e8a6002293bc0caac,0.10586886579149299
14211922,0x4a434f6529754b2c44717bc10e34d7b5d8ab9947,0.105
14211922,0x3e4f4dee05c6b2f42704a3a713d4ae4a084ed8ed,0.10400466772789332
14211922,0xda2056a61124f73f59b7c86fec56d5b2b08c4228,0.10392435008131139
14211922,0xb171af39fad7677178f721d4fb21428a7e75b738,0.10281
14211922,0x26a78cd6fe2f363d138addbbed469e1b491d4a9b,0.10236353824108738
14211922,0x16d97e9c4eee7c4d6531627cc5d1378993234014,0.10081
14211922,0x65247c038719c178f00097e3508dab9115a2bfb8,0.1
14211922,0x62949d87e19a8b4c9e03d6943a1f8ae74a6caa55,0.1
14211922,0x1037cdf9d316d2fd48245f0d361027e2d334aa45,0.1
14211922,0xfc205fb2d0a27e8258fa707adabaf2f1597c03f4,0.1
14211922,0x4ce1ef9d48fd303982c42c38cfc5c698ab7cb461,0.1
14211922,0x84b0a7b290765d8abf0bd529ed0e9d9f30feb84c,0.1
14211922,0x2ab9c0c7ac764da93acc4e3012718104527ddb45,0.1
14211922,0x8a85e947da6f865a3ba630ecd43e629a46510be2,0.1
14211922,0xb4474abe61b20a86565e8e90e459af724f6874b4,0.1
14211922,0xbfb469468dc76f84a7e03b97953a3fb411af0005,0.1
14211922,0x5027ead005a8058adeaeb59ff0398533ed1b0db5,0.1
14211922,0x87e062bc16ca69bfe9995e7ea99ebf02d22c56fb,0.1
14211922,0xd2839cc657c9360d9655fe279d3b65ad85f63e46,0.1
14211922,0xe7d4d5aea169afcaa903bbf1f8bbb1e514645df7,0.1
14211922,0x83e28d08f59343cd13ef93bb4423d67ceb80096b,0.1
14211922,0xec1a7b584171258f849db18a6b2835a2f90de916,0.1
14211922,0xbb1dddde618b5ad5446ebf590a454879337d5e12,0.1
14211922,0xc3e9a2c9b19e4989e88654ba283dcd2f0e3bd150,0.09851512350050944
14211922,0x44d3e3d34d1dd3e1d520d8ce39d51c9a88cfac6e,0.0954181048093669
14211922,0xe61cc9f9bff04e9f6824c0ab81648dced5dd4bff,0.08362096032315355
14211922,0x6a07ea36da7850cc89be2523eb9423fbe7237061,0.07993258051968127
14211922,0x5101395ec20d419280e9f08fb755b3b03c71ef9d,0.07823331294321327
14211922,0x45966c9b80b95413653e056db487be1ec2b826f1,0.07780295451420119
14211922,0x72c8280defc12277281ce52820e10c7816197b4e,0.0717514555290479
14211922,0x5f62ece59fbba2bae1654e9b69bbfa4e4d5b329b,0.07034951244238309
14211922,0xa0f77c56b545818b64646e2de834b044573ce078,0.063876
14211922,0x2b622689ab932f5c6f5d1d3279a138401230c3bd,0.058028261445715414
14211922,0xba272f30459a119b243c02f3adcfd2bfa210f480,0.05699472765848168
14211922,0x7a9a1ba7cff6c0920cc74e850c6a671ce48f0e7f,0.04869711720275865
14211922,0x97ac8d0430f1f5f205b2e81aa6f556d851bfc9fe,0.0415788058104023
14211922,0xf1de039511edace08039eca8d88c1d43e3381f6d,0.03879870542128756
14211922,0x65ac1ffea31c0949c08874e03d9cc30d610f4e59,0.03
14211922,0xaa4d65d31c17372804af9660a7f34c983f0355f0,0.0253150843666982
14211922,0x9a44394ffd96a78d0b5c5b2f5dcff6052c70176d,0.01909302160869472
14211922,0x5e9801b080c811ecb204a012c95c1abd4fa846e8,0.010215019613162315
14211922,0xea67521ba195bf490a5664497fd7b6f5bc0685c8,0.010000000000000009
14211922,0xfcfa4369eaa965ac4e36f1dd9fd2852c6542b0f7,0.002
